{"apples06292025.txt": {"Contents": 0.46153846153846156, "Etymology": 0.6666666666666666, "Description": 0.46153846153846156, "Taxonomy": 0.625, "Cultivation": 0.5795454545454546, "Toxicity": 0.3333333333333333, "Uses": 0.39655172413793105, "In culture": 0.5}, "apples07172025.txt": {"Contents": 0.5769230769230769, "Etymology": 0.25, "Description": 0.41025641025641024, "Taxonomy": 0.5714285714285714, "Cultivation": 0.5643939393939394, "Toxicity": 0.3611111111111111, "Uses": 0.3793103448275862, "In culture": 0.5}, "apples06192025.txt": {"Contents": 0.4230769230769231, "Etymology": 0.5, "Description": 0.3974358974358974, "Taxonomy": 0.5535714285714286, "Cultivation": 0.5795454545454546, "Toxicity": 0.4722222222222222, "Uses": 0.41379310344827586, "In culture": 0.47674418604651164}, "apples06092025.txt": {"Contents": 0.4230769230769231, "Etymology": 0.3333333333333333, "Description": 0.44871794871794873, "Taxonomy": 0.5357142857142857, "Cultivation": 0.571969696969697, "Toxicity": 0.5277777777777778, "Uses": 0.3620689655172414, "In culture": 0.43023255813953487}, "apples08222025.txt": {"Contents": 0.4230769230769231, "Etymology": 0.375, "Description": 0.46153846153846156, "Taxonomy": 0.5535714285714286, "Cultivation": 0.5795454545454546, "Toxicity": 0.4444444444444444, "Uses": 0.39655172413793105, "In culture": 0.47674418604651164}, "apples07102025.txt": {"Contents": 0.3076923076923077, "Etymology": 0.5, "Description": 0.3974358974358974, "Taxonomy": 0.5714285714285714, "Cultivation": 0.5643939393939394, "Toxicity": 0.4166666666666667, "Uses": 0.3448275862068966, "In culture": 0.5}}