{"charlixcx05162024.txt": {"Contents": 0.6470588235294118, "Early life": 0.5, "Career": 0.6205673758865248, "Artistry": 0.725, "Activism": 0.0, "Personal life": 0.3888888888888889, "Tours": 1.0}, "charlixcx05202024.txt": {"Contents": 0.6470588235294118, "Early life": 0.5, "Career": 0.6524822695035462, "Artistry": 0.7, "Activism": 0.0, "Personal life": 0.6666666666666666, "Tours": 1.0}, "charlixcx05282024.txt": {"Contents": 0.6764705882352942, "Early life": 0.5, "Career": 0.6099290780141844, "Artistry": 0.7, "Activism": 0.0, "Personal life": 0.5, "Tours": 1.0}, "charlixcx06232024.txt": {"Contents": 0.59375, "Early life": 0.625, "Career": 0.6126760563380281, "Artistry": 0.725, "Activism": 0.0, "Personal life": 0.4444444444444444, "Tours": 1.0}, "charlixcx06142024.txt": {"Contents": 0.6470588235294118, "Early life": 0.625, "Career": 0.6232394366197183, "Artistry": 0.725, "Activism": 0.0, "Personal life": 0.5555555555555556, "Tours": 1.0}, "charlixcx06072024.txt": {"Contents": 0.7058823529411765, "Early life": 0.625, "Career": 0.6347517730496454, "Artistry": 0.7625, "Activism": 0.0, "Personal life": 0.5, "Tours": 1.0}}