{"davegrohl09242024.txt": {"Contents": 0.6176470588235294, "Early life": 0.5135135135135135, "Career": 0.5583941605839416, "Other work": 0.6639344262295082, "Musicianship and equipment": 0.4642857142857143, "Advocacy, philanthropy and views": 0.4642857142857143, "Personal life": 0.5, "Honors": 0.7142857142857143}, "davegrohl08192024.txt": {"Contents": 0.5588235294117647, "Early life": 0.47297297297297297, "Career": 0.5539568345323741, "Other work": 0.68, "Musicianship and equipment": 0.42857142857142855, "Advocacy, philanthropy and views": 0.4642857142857143, "Personal life": 0.5769230769230769, "Honors": 0.7142857142857143}, "davegrohl09102024.txt": {"Contents": 0.6176470588235294, "Early life": 0.4864864864864865, "Career": 0.5875912408759124, "Other work": 0.6885245901639344, "Musicianship and equipment": 0.42857142857142855, "Advocacy, philanthropy and views": 0.4642857142857143, "Personal life": 0.4642857142857143, "Honors": 0.6428571428571429}, "davegrohl09042024.txt": {"Contents": 0.6764705882352942, "Early life": 0.4864864864864865, "Career": 0.572992700729927, "Other work": 0.6639344262295082, "Musicianship and equipment": 0.35714285714285715, "Advocacy, philanthropy and views": 0.42857142857142855, "Personal life": 0.5769230769230769, "Honors": 0.6428571428571429}, "davegrohl08282024.txt": {"Contents": 0.5882352941176471, "Early life": 0.4864864864864865, "Career": 0.564748201438849, "Other work": 0.64, "Musicianship and equipment": 0.42857142857142855, "Advocacy, philanthropy and views": 0.4642857142857143, "Personal life": 0.5769230769230769, "Honors": 0.7142857142857143}, "davegrohl09172024.txt": {"Contents": 0.7058823529411765, "Early life": 0.5135135135135135, "Career": 0.5547445255474452, "Other work": 0.6762295081967213, "Musicianship and equipment": 0.5, "Advocacy, philanthropy and views": 0.42857142857142855, "Personal life": 0.46875, "Honors": 0.7142857142857143}}